<?xml version="1.0" encoding="UTF-8"?>
<clientConfig version="1.1">
    <emailProvider id="zhelyo.boostyourday.net">
        <domain>zhelyo.boostyourday.net</domain>
        <displayName>another</displayName>
        <displayShortName>another</displayShortName>

        <incomingServer type="imap">
            <hostname>mail.boostyourday.net</hostname>
            <port>993</port>
            <socketType>SSL</socketType>
            <authentication>password-cleartext</authentication>
            <username>%EMAILADDRESS%</username>
        </incomingServer>

        <outgoingServer type="smtp">
            <hostname>mail.boostyourday.net</hostname>
            <port>465</port>
            <socketType>SSL</socketType>
            <authentication>password-cleartext</authentication>
            <username>%EMAILADDRESS%</username>
        </outgoingServer>
    </emailProvider>
</clientConfig>
